text,label,notes
They love drafting 6'6 shooting guards who go on to become Hall of Famers for other teams.,hot_take,Humorous criticism of Charlotte.
"SGA is primarily a point guard, and Kobe functioned more like a small forward in Phil Jackson's system.",analysis,Position and historical discussion.
The Hornets were never actually going to have SGA because the Clippers made the selection.,analysis,Clarification of draft mechanics.
It is strange looking back at how difficult commentators found it to pronounce Gilgeous-Alexander's name when he entered the league.,reaction,Observation.
"The Clippers had a chance to become what Oklahoma City is today, but ownership pushed for immediate contention.",hot_take,Strong opinion.
Any general manager would have made the Paul George trade at the time given the opportunity to acquire Kawhi Leonard and Paul George together.,analysis,Reasoned historical argument.
The Thunder are where they are today largely because of Sam Presti's management.,analysis,Front office evaluation.
The 2018 draft will likely be remembered as one of the strongest guard drafts ever.,analysis,Historical comparison.
It is amazing that SGA won two MVP awards only eight years into his career.,reaction,Expression of amazement.
Trading Shai Gilgeous-Alexander is not even the Clippers' biggest mistake.,hot_take,Provocative opinion.
The league's changes to lottery odds show that elite talent can still emerge outside the very top picks.,analysis,Reasoning about draft outcomes.
I remember thinking SGA would be a steal for Los Angeles the moment he was drafted.,reaction,Personal recollection.
Only Michael Jordan and SGA have produced four consecutive 30-point seasons while shooting over 50 percent from the field as guards.,analysis,Statistical argument.
SGA has become one of the most accomplished players from the 2018 draft class.,analysis,Career evaluation.
People forget how highly regarded SGA was as a young player before he became a superstar.,analysis,Discussion of perception.
Getting role players and fringe All-Stars is not a bad return anymore because being a play-in caliber team is now one of the best positions for lottery odds.,analysis,Reasoning about new lottery incentives.
Jaylen Brown is a great floor raiser because his game is built around creating difficult baskets efficiently.,analysis,Player evaluation.
The best teams today are usually eight or nine players deep. Teams built around a few expensive stars and weak depth have struggled.,analysis,Roster construction argument.
"The best teams are often built through circumstances that are difficult to replicate, such as MVP-level players on rookie contracts.",analysis,Historical comparison.
"If Miami keeps its younger players and develops them under strong coaching, that may be the better long-term approach.",analysis,Team-building strategy.
I think this is a positive outcome for the league because it encourages teams to remain competitive while rebuilding.,hot_take,Opinion about league rules.
"You can still tank under the new system, but teams have to do it differently now.",analysis,Strategic claim.
"The Bucks do not control most of their future draft picks, which makes a traditional rebuild difficult.",analysis,Roster asset analysis.
Having your own draft picks may be less valuable now because high lottery positions are less predictable.,analysis,Discussion of draft value.
The Bucks are not an ideal blueprint because most rebuilding teams control more of their future picks.,analysis,Reasoned argument.
Play-in level teams would likely avoid making some of the aggressive draft-pick trades that were common under the old rules.,analysis,Strategic implication.
Trading for future picks is now more interesting because even fringe playoff teams can unexpectedly produce high draft selections.,analysis,Draft strategy.
The Nuggets are unlikely to trade Jokic unless he specifically requests it.,analysis,Front office reasoning.
"Instead of sitting veterans, teams may simply try to remain competitive while accepting a lower place in the standings.",analysis,Strategic observation.
First-round picks still matter because star players can be found throughout the draft.,analysis,General draft argument.
The best approach is to field the strongest roster possible while protecting future assets and letting results play out naturally.,hot_take,Opinionated team-building philosophy.
Play-in teams' draft picks are more valuable under the new lottery system.,analysis,Effect of lottery changes.
Keeping a player like Jaylen Brown while developing young talent could create a competitive middle-tier team with lottery upside.,analysis,Specific rebuild proposal.
"The draft remains the most reliable path to rebuilding, even if lottery outcomes are less predictable now.",analysis,Argument about team building.
Can't play much better defense than that. Just an unreal shot.,analysis,Evaluates the defense and explains the outcome.
I am so conditioned by today's NBA that I expected a whistle on that play.,reaction,Personal reaction.
I miss when stars attacked their primary defenders instead of hunting switches. Kobe versus the so-called Kobe stoppers made every possession feel like a battle.,analysis,Discussion of strategy and eras.
There is not much else you can do defensively on that possession.,analysis,Reasoned evaluation.
You should also watch the game-winning shot from overtime. That one was even more impressive.,reaction,Recommendation/reaction.
I remember this game clearly. It felt like Kobe hit one impossible shot after another.,reaction,Personal memory.
"He looked like he knew all of Kobe's moves, but it still did not matter.",analysis,Reasoning about defense.
You could know exactly what Kobe wanted to do and he would still get his shot off. That is what made him special.,analysis,Explains player's skill.
This game helped the Lakers secure the division title.,analysis,Factual context.
Kobe made one of the most difficult shots imaginable on that possession.,reaction,Reaction.
That would probably be called a foul in today's NBA.,analysis,Comparison across eras.
I dislike intentional fouling when leading by three because it prevents moments like this.,hot_take,Opinion.
There was no foul baiting. He simply rose up and made the shot.,analysis,Explains why the play stands out.
I still remember watching this game live and being amazed by those clutch shots.,reaction,Personal reaction.
"The Lakers moved up in the standings because of this game, and I was frustrated about it as a fan.",reaction,Fan reaction.
That was nearly perfect defense.,analysis,Evaluation.
Kobe created just enough separation to get a clean look despite the contest.,analysis,Basketball reasoning.
Compare modern stars to this version of Kobe. The shot-making difficulty was on another level.,hot_take,Strong opinion.
There will never be another Kobe.,hot_take,Opinion.
He's going to remember these misses.,reaction,Immediate reaction to the moment.
The Spurs looked mentally broken after the 30-point collapse.,analysis,Explains team performance.
"He normally takes more time before free throws, and when he didn't this time I thought he would miss.",analysis,Observation and reasoning.
"Despite everything, the Spurs simply refused to win today.",reaction,Humorous reaction.
He's only 22 years old. There are plenty more pressure moments ahead of him.,analysis,Context and perspective.
The moment got to his head.,hot_take,Opinion without evidence.
This may be the textbook definition of a choke.,hot_take,Strong evaluative opinion.
How could De'Aaron Fox do this?,reaction,Sarcastic reaction.
Who's next in the potential GOAT discussion?,reaction,Humorous reaction.
This play is not getting enough attention.,reaction,Simple reaction.
Some people are built for the moment and some are not.,hot_take,Opinion.
That quote aged poorly after these missed free throws.,reaction,Reaction to previous comments.
Kawhi only missed one free throw in a similar situation.,analysis,Historical comparison.
Thank you Knicks for a successful hate-watch.,reaction,Fan reaction.
This was one of the greatest hate-watches I have seen.,reaction,Emotional reaction.
The pressure seemed to get to him.,hot_take,Speculation.
Back-to-back disappointing performances from Wembanyama.,hot_take,Opinion.
They cannot keep getting away with this.,reaction,Emotional response to OKC rumors.
"Draft night is unpredictable, but I think Dallas is set on Burries and is maneuvering around that plan.",analysis,Prediction with reasoning.
Getting multiple cost-controlled rookies around Flagg's timeline would be the smart move.,analysis,Roster-building reasoning.
Trading with Presti usually works out better for Presti.,hot_take,Opinion without evidence.
"The Mavericks do not own many future draft picks, so adding multiple young players makes sense.",analysis,Reasoned argument.
This trade works for both teams. Dallas gets multiple rookies and Oklahoma City reduces its roster crunch.,analysis,Explains both sides.
Figure out who Presti wants at number 9 and draft that player.,reaction,Humorous reaction.
"One of the guards will probably still be available at 12, so getting pick 17 as well is good value.",analysis,Draft reasoning.
Dallas is winning this trade based on pick value alone.,hot_take,Strong opinion.
Oklahoma City has so many picks and so few roster spots that they need to consolidate assets.,analysis,Reasoning.
The Thunder do not really want two rookies because there is limited room on the roster.,analysis,Explains team motivation.
12 and 17 for 9 feels expensive from Oklahoma City's perspective.,hot_take,Opinion.
"If Presti really likes a prospect in the top ten, Dallas has leverage because they are willing to trade down.",analysis,Reasoning.
"The Grizzlies paid a large price to move up in the draft last year, so this proposal seems reasonable.",analysis,Uses comparison and evidence.
Teams need to stop helping Oklahoma City improve.,reaction,Fan frustration.
Everyone says stopping Presti is easy until it is time to actually stop him.,reaction,Humorous reaction.
Presti definitely has a specific prospect he loves in this draft.,hot_take,Speculation.
"The team's biggest weakness is shooting, so they are probably targeting a wing who can shoot.",analysis,Reasoning.
This trade is a great outcome for Dallas.,hot_take,Opinion.
Good move for both teams honestly.,reaction,Simple reaction.
"I heard enough, Derrick Tarver is the GOAT.",reaction,Joking reaction.
"According to another comment, Tarver was a solid professional player in Sweden. Relative to LeBron's age at the time, it makes sense why he would have been difficult to guard.",analysis,Reasoned explanation.
"The question was 'any level of basketball.' Age differences matter a lot in youth sports, so this is a legitimate answer.",analysis,Explains context.
I think we all remember the first player who completely outplayed us. Those memories stick with you.,analysis,Reasoning about why LeBron remembers him.
Tarver reportedly played professionally in Sweden and once scored 60 points. He was clearly a talented player.,analysis,Uses supporting information.
He's basically saying nobody has really dominated him since he was a kid.,analysis,Interpretation of LeBron's comment.
Guarding someone bigger and stronger than him as a kid was probably a core memory that stayed with him.,analysis,Reasoning.
"After LeBron hit puberty, he was usually the best athlete on the court. That feeling of being physically overmatched probably stuck with him.",analysis,Detailed explanation.
Developmental differences are huge when you're a child. That's why this answer makes sense.,analysis,Evidence-based reasoning.
LeBron was already one of the best young players in the country by middle school. It's logical that his toughest matchup happened before that.,analysis,Reasoning.
Reading comprehension is at an all-time low.,reaction,Reaction to people misunderstanding the quote.
This story never gets old. LeBron played against many great NBA players and still remembers this childhood matchup.,reaction,Reaction.
LeBron would say a 10-year-old.,reaction,Humorous reaction.
You know you're an all-time great when your biggest obstacle came when you were 8 years old.,hot_take,Opinion/joke.
"It sounds like a cop-out answer, but I respect it.",hot_take,Opinion.
Tarver peaked in elementary school.,hot_take,Speculative joke.
"When I was six, my dad guarded me and I had no chance.",reaction,Humorous reaction.
The way this is worded indicates there are other teams involved.,analysis,Interprets the wording of the report.
"There were some believable rumors about the Hornets making inquiries, but it was probably due diligence more than anything.",analysis,Provides context and reasoning.
It would be extremely risky to trade for Giannis without that commitment.,analysis,Explains trade risk.
Isn't the third team going to take Jaylen Brown?,analysis,Discussion of trade structure.
I wonder if even Giannis knows who the third team is.,reaction,Reaction to ongoing rumors.
Just stay in Milwaukee and go trade for someone like Zach LaVine.,hot_take,Opinion on what Giannis should do.
I just want the trade to happen already.,reaction,Emotional reaction.
Either later today or tomorrow.,hot_take,Prediction.
"Boston makes sense, but why would he want to go to Miami? Once they trade away their depth, they'll be worse than Milwaukee.",analysis,Reasoning about roster construction.
On a livestream he said he likes Miami because there are no state income taxes.,analysis,Provides a reason for a possible destination.
Raptors are going to jump in at the last minute and get another one-year rental.,hot_take,Prediction.
I love how this has become another chapter of the Boston-Miami rivalry.,reaction,Observation.
Milwaukee is trying to convince Giannis to choose Golden State.,hot_take,Speculation.
Both fan bases seem unsure whether they actually want him or not.,analysis,Observation about fan sentiment.
"I'd much rather have Bam, Brown, and Tatum than just Tatum and Giannis.",analysis,Evaluates roster value.
Giannis is going to Miami. He's from Greece and probably prefers warm weather.,hot_take,Speculative reasoning.
I saw a clip of Shams talking about this and he sounded flustered.,reaction,Reaction to media coverage.
Sam Bowie over Michael Jordan. I don't want to talk about it.,analysis,References a specific draft mistake.
As a Mavs fan this one is pretty obvious.,reaction,Emotional reaction.
Letting Shaq walk. Honorable mentions include not letting Duncan's family on the team plane and trading Sabonis and Oladipo for Serge Ibaka.,analysis,Lists specific front-office mistakes.
Isaiah Thomas as President of Basketball Operations.,analysis,Specific organizational decision.
Ray Allen for the Gary Payton half-season rental.,analysis,Specific trade evaluation.
Recently? SGA for PG. Otherwise I'd be here forever.,analysis,References a major trade.
Kings - gestures at everything.,reaction,Humorous reaction.
Chicago Bulls: the last 30 years.,reaction,Humorous reaction.
Firing Brett Brown just to hire Doc Rivers.,analysis,Specific management decision.
Trading for Tobias Harris then giving him 5 years and $180 million.,analysis,Specific personnel decision.
Trading Mikal moments after drafting him.,analysis,Specific draft-day decision.
Letting Jimmy Butler walk to Miami.,analysis,Specific roster decision.
Trading Chris Paul for Eric Gordon and Al-Farouq Aminu was pretty rough.,analysis,Trade analysis.
Trading Harden to avoid luxury tax.,analysis,Financial and roster decision.
"The Kings: passing on Luka, trading Haliburton for Sabonis, and several other mistakes.",analysis,Multiple roster decisions.
Ricky Rubio at 5 and Johnny Flynn at 6.,analysis,Draft evaluation.
During the early 2000s the Mavericks offered to trade Dirk Nowitzki and Steve Nash for Vince Carter and Antonio Davis.,analysis,Historical trade discussion.
Moving to Oklahoma City.,analysis,Franchise-level decision.
I was going to say letting Schultz buy the team.,analysis,Ownership decision.
There was still a vocal minority who thought you always took the big man.,analysis,Historical draft reasoning.
Trading Chauncey Billups 51 games into his rookie season.,analysis,Specific roster move.
Probably picking Michael Beasley at 2 over Westbrook and Love.,analysis,Draft evaluation.
Trading for Westbrook comes to mind immediately.,analysis,Roster move.
The handling of the 2020 roster after the championship was pretty horrible.,analysis,Team-building critique.
The Westbrook trade took a championship-level roster into wasting what's left of LeBron's career.,hot_take,Strong conclusion with supporting opinion.
the most jarring thing is just how slow it is,reaction,Immediate reaction
I've been watching full 80s games on Youtube and the difference is remarkable...,analysis,Detailed comparison across eras
"This is all true, but these guys were also pacing themselves more. They played more minutes, more back-to-backs...",analysis,Provides contextual factors
That's why stars in the 90s could play 82 games unlike today. Most of the game they were just standing around while one guy posts up.,hot_take,Strong claim with limited support
"I grew up on and love 90's basketball, but it's undeniable that the game is so much more advanced and skilled today.",analysis,Argument with reasoning
"Well if players today are worse on average, there would be a problem. There's supposed to be continued innovation and improvement.",analysis,Reasoning about development
I think the main thing that's changed is you can't just roll out a top-heavy roster and win a championship.,analysis,Roster construction argument
"When I think of dynasty teams of the 90s and 2000s, I think of deep rosters with secondary ballhandlers and role players.",analysis,Uses examples to support point
"Players like Hakeem, Jordan, and Barkley would still be elite today but a lot of former All-NBA players would be on the bench.",hot_take,Projection across eras
Reacts is the correct word. No real commentary or breakdowns were attempted.,analysis,Evaluation of content quality
The thing that annoys me most about old clips is people saying they actually played defense back then.,hot_take,Opinionated claim
Modern NBA dribbling wasn't allowed back then.,analysis,Rule-based explanation
The gather steps are huge offensive advantages in today's game.,analysis,Specific rules discussion
They weren't even allowed to play a zone but people will say defense was so much better back then.,analysis,Uses rule changes as evidence
I remember someone telling me how much more physical defense was in the 80s...,hot_take,Opinionated historical comparison
Today's NBA teams would beat the best teams from the 80s by an insane number.,hot_take,Strong prediction
Y'all act like Jordan didn't literally play right up until LeBron joined the league.,analysis,Historical context
"Dude not only won the natty with Michigan, but led Florida Atlantic to the Final Four. Then immediately turned Michigan around and won in his 2nd season there. I think his resume is even better than what people think.",analysis,Uses accomplishments as evidence.
This has to get Warde Manuel fired now. No need to wait to see how Whittingham fares because he couldn't get the deal done with Dusty after the natty.,hot_take,Strong conclusion with limited supporting evidence.
Mike Malone is a college coach and Dusty May is an NBA coach.,hot_take,Unsupported comparison.
Brooklyn has a ton of money and no incentive to tank next year. They're going out and overpaying for guys who will make them more competitive.,analysis,Roster-building reasoning.
"With the Nets, I do wonder if adding another guard to a team already full of guards was realistic.",analysis,Reasoning about team fit.
"So Brooklyn wanted him basically. Only them, LAL, and CHI project to have cap space.",analysis,Uses roster and cap-space discussion.
Pure spin. I don't think he gets that on the open market.,hot_take,Opinion without evidence.
This lottery reform is going to be bad to watch. Teams are going to ruin their futures signing older players to massive deals.,analysis,Explains expected consequences.
Teams like yours only got good from tanking. This anti-tanking approach will backfire.,hot_take,Prediction without support.
I really don’t envy rebuilding front offices right now. So many things make their job difficult.,analysis,Reasoning about league rules and team building.
The deal is expensive but it extends through what should be his prime years and the Wizards are done with the tank.,analysis,Uses timeline and team strategy.
From MVP votes and being the best player on the team to trade rumors. Life goes fast in the NBA.,reaction,Observation/reaction.
I know this question is being asked ironically but here are the numbers. Last night it was 70/20/10 Miami/Boston/Other. After recent reporting it's now closer to 55/40/5.,analysis,Uses probabilities and reporting.
Until I see a Shams notification I will never believe anything other than Giannis being a Buck.,hot_take,Strong belief without support.
What do you think is the right package for Giannis? Do the Celtics have enough draft assets?,analysis,Discussion of trade value.
It’s been over a year of this. Even by NBA standards this has been a lengthy process.,hot_take,Opinion about situation.
"Man, I just don’t have a good feeling about this as a Celtics fan.",reaction,Emotional response.
Pairing Giannis with Tatum would be absolutely terrifying.,hot_take,Prediction/opinion.
I think this gets done today.,hot_take,Prediction.
I mean duh. It was the only feasible path for a trade. You simply can’t have three supermax players in today's league.,analysis,Salary-cap reasoning.
"Translation: once again, there is nothing to report.",hot_take,Interpretation without evidence.
I will miss JB so much if this happens. Can't believe it's been a decade.,reaction,Emotional response.
I still think this is just the Bucks trying to leverage Giannis' value.,hot_take,Speculation.
I thought the Bucks wanted picks on top of players.,analysis,Trade-asset discussion.
Anticipating a Shams report today or tomorrow.,hot_take,Prediction.
He doesn’t even want the trade.,hot_take,Assertion without evidence.
He’s anti-trading JB for Giannis.,analysis,Explains another person's position.
I feel like the Heat are kind of stuck whether they make the trade or not.,analysis,Evaluates trade situation.
Giannis on the Wizards would be interesting.,hot_take,Speculation.
They simply cannot match that offer.,analysis,Assessment of trade value.
He’s a Celtic. Announce it already.,hot_take,Prediction.
I don't understand how Boston was ever going to do the trade without Brown's salary.,analysis,Salary-matching reasoning.
It always was. Without Jaylen in the trade you don't have enough value and you gut your team.,analysis,Explains trade mechanics.
"As a neutral, Miami should not gut their roster for Giannis. He is expensive and could become injury-prone.",analysis,Provides reasons.
Now? Who were they including in the package before then?,analysis,Trade-package reasoning.
I don’t know if swapping Giannis for Jaylen is a good move unless they plan on flipping him for more assets.,analysis,Evaluates alternatives.
It's to send JB to Portland for picks back. Feels like the trade the Bucks should take.,analysis,Trade construction reasoning.
This is going to turn out to be a bad trade whatever happens.,hot_take,Prediction.
"Besides Bam, Miami never has the assets to be serious contenders in the trade market.",analysis,Reasoning about assets.
The Bucks are playing the Heat like a fiddle.,hot_take,Unsupported claim.
That means it’s done and there’s no going back for Jaylen.,hot_take,Prediction.
The Heat talk about a star every year and fail to get one because they don't want to give enough back.,hot_take,Generalized opinion.
"As a Celtics fan, I only like the idea of Giannis coming here because it would frustrate Miami.",reaction,Fan reaction.
Celtics getting Giannis ahead of the Heat is going to drive Pat Riley crazy.,reaction,Humorous reaction.
I feel like people who say they are super relatable usually aren't super relatable.,hot_take,Opinion.
We really don't need a three-month media tour for rookies to campaign for the number one pick.,hot_take,Opinion.
Every time he speaks I like him less.,reaction,Emotional response.
Saying things like this makes him seem less relatable.,hot_take,Opinion.
I hope I’m wrong but whenever he talks he gives off a vibe I don't like.,hot_take,Personal evaluation.
He better be fantastic because he has revealed so many red flags so quickly.,hot_take,Opinion.
"He's just a kid, but if I had him tied with another prospect I would draft the other prospect.",analysis,Decision supported by reasoning.
Dybantsa sounds like he's on his way to being quotable the way Paul George was.,hot_take,Comparison/opinion.
He’s doing a media interview. What did you expect?,analysis,Contextual explanation.
It would be funny if all this hype ended with him becoming a bust.,hot_take,Prediction.
